{
    "dqp": [
        [
            -0.27003485641189506,
            -0.6978286968155464,
            -4.4644777796716895,
            -3.822787019066212
        ],
        [
            0.09780311621193089,
            -0.372202464055368,
            -4.905,
            -4.199991629599051
        ],
        [
            -3.0721968837880684,
            -3.08657014312346,
            -0.15000000000000036,
            -0.12844011099691333
        ]
    ],
    "qp": [
        [
            0.4105388181390567,
            0.9179526112425052,
            -0.27003485641189506,
            -0.6978286968155464
        ],
        [
            -0.9132112714261555,
            -0.9132112714261555,
            0.09780311621193089,
            -0.372202464055368
        ],
        [
            0.08678872857384458,
            0.594202521677293,
            -3.0721968837880684,
            -3.08657014312346
        ]
    ],
    "test_dqp": [
        [
            5.331747356569557,
            4.102876348669155,
            -12.824564523132935,
            -10.981258011282332
        ],
        [
            -1.1281172614743622,
            -1.4284958831705459,
            -3.1347675960670562,
            -2.6841996635227803
        ],
        [
            -0.10344070119615088,
            -0.5551795437811502,
            -4.714369012495306,
            -4.036760748617806
        ]
    ],
    "test_qp": [
        [
            0.27007270352386065,
            0.27007270352386065,
            5.331747356569557,
            4.102876348669155
        ],
        [
            1.0278462240660653,
            1.5352600171695137,
            -1.1281172614743622,
            -1.4284958831705459
        ],
        [
            -0.9043636981797051,
            -0.9043636981797051,
            -0.10344070119615088,
            -0.5551795437811502
        ]
    ]
}