{
    "arguments": {
        "Loss_type": "MSE",
        "baseline": false,
        "batches": 2,
        "data_save_dir": "C:\\Users\\mrust\\OneDrive - NTNU\\1Master_Code\\Saved_datasets",
        "hidden": [
            32,
            64,
            32,
            32
        ],
        "input_size": 4,
        "learn_rate": 0.001,
        "load_dataset": null,
        "model_save_dir": "C:\\Users\\mrust\\OneDrive - NTNU\\1Master_Code\\Model_saves",
        "multiprocessing": true,
        "name": "Graydanus-HNN",
        "noise": 0.1,
        "nonlinearity": "tanh",
        "run_save_dir": "C:\\Users\\mrust\\OneDrive - NTNU\\1Master_Code\\Run_data",
        "samples": 30,
        "samples_per_batch": 10,
        "save_dataset": false,
        "seed": 1295795966,
        "steps_per_batch": 200,
        "t_scale": 10,
        "t_span": [
            0,
            3
        ],
        "test_ratio": 0.5,
        "tolerance": 1e-10,
        "use_cuda": true,
        "verbose": true,
        "weight_decay": 0.001
    },
    "test_loss": [
        16.503189086914062,
        16.252180099487305,
        16.011577606201172,
        15.78079891204834,
        15.559138298034668,
        15.34595012664795,
        15.140765190124512,
        14.943313598632812,
        14.753402709960938,
        14.570834159851074,
        14.3953857421875,
        14.226836204528809,
        14.064920425415039,
        13.909327507019043,
        13.75974178314209,
        13.61591625213623,
        13.477691650390625,
        13.344998359680176,
        13.217874526977539,
        13.09648323059082,
        12.981134414672852,
        12.872273445129395,
        12.770417213439941,
        12.676040649414062,
        12.589449882507324,
        12.5106782913208,
        12.43939208984375,
        12.374963760375977,
        12.316752433776855,
        12.264334678649902,
        12.21757984161377,
        12.176666259765625,
        12.141996383666992,
        12.113980293273926,
        12.092761039733887,
        12.078059196472168,
        12.069222450256348,
        12.065424919128418,
        12.06600570678711,
        12.070751190185547,
        12.080011367797852,
        12.09465503692627,
        12.115791320800781,
        12.144423484802246,
        12.181136131286621,
        12.22596263885498,
        12.278529167175293,
        12.338515281677246,
        12.405921936035156,
        12.480650901794434,
        12.56152629852295,
        12.645878791809082,
        12.730708122253418,
        12.814279556274414,
        12.895575523376465,
        12.9722261428833,
        13.040613174438477,
        13.098640441894531,
        13.146615982055664,
        13.184901237487793,
        13.212610244750977,
        13.229212760925293,
        13.23595142364502,
        13.234427452087402,
        13.224494934082031,
        13.205337524414062,
        13.177972793579102,
        13.14432430267334,
        13.105963706970215,
        13.066604614257812,
        13.031573295593262,
        13.002670288085938,
        12.978784561157227,
        12.9600830078125,
        12.948677062988281,
        12.949029922485352,
        12.961938858032227,
        12.980384826660156,
        13.0016508102417,
        13.02929973602295,
        13.056479454040527,
        13.075819969177246,
        13.095166206359863,
        13.105178833007812,
        13.107382774353027,
        13.12589168548584,
        13.088568687438965,
        13.188570022583008,
        13.188104629516602,
        13.2134428024292,
        13.339059829711914,
        13.394579887390137,
        13.378021240234375,
        13.461194038391113,
        13.514238357543945,
        13.364503860473633,
        13.293726921081543,
        13.309921264648438,
        13.118353843688965,
        13.160727500915527,
        13.425224304199219,
        13.565899848937988,
        14.238741874694824,
        14.634628295898438,
        15.14306926727295,
        15.979171752929688,
        15.791754722595215,
        16.729734420776367,
        16.613645553588867,
        17.085773468017578,
        17.115833282470703,
        17.875761032104492,
        17.433900833129883,
        18.11639976501465,
        18.395103454589844,
        18.3892822265625,
        19.110570907592773,
        19.95411491394043,
        19.739009857177734,
        21.528066635131836,
        21.27076530456543,
        21.737600326538086,
        22.58209228515625,
        22.576261520385742,
        23.013212203979492,
        22.999807357788086,
        22.527698516845703,
        23.483348846435547,
        23.44269371032715,
        22.16853141784668,
        23.067102432250977,
        23.991975784301758,
        22.759672164916992,
        22.68894386291504,
        23.956632614135742,
        23.70315933227539,
        23.21855926513672,
        23.756086349487305,
        24.00777244567871,
        24.23185157775879,
        24.487775802612305,
        24.1762752532959,
        24.720603942871094,
        25.206594467163086,
        24.333148956298828,
        24.598493576049805,
        25.322439193725586,
        24.673307418823242,
        24.741512298583984,
        25.24216651916504,
        25.0762996673584,
        25.307165145874023,
        25.276580810546875,
        25.576265335083008,
        26.045089721679688,
        25.55544090270996,
        26.120502471923828,
        26.3670654296875,
        25.852828979492188,
        26.40394401550293,
        26.260303497314453,
        26.307849884033203,
        26.316511154174805,
        26.336633682250977,
        26.581640243530273,
        26.148099899291992,
        26.83424949645996,
        26.461124420166016,
        26.79884147644043,
        26.805374145507812,
        26.96158790588379,
        26.867460250854492,
        27.063989639282227,
        27.075702667236328,
        26.964954376220703,
        27.271713256835938,
        26.910202026367188,
        27.365493774414062,
        26.74369239807129,
        27.83260154724121,
        26.109582901000977,
        28.746337890625,
        25.869070053100586,
        27.759214401245117,
        27.682363510131836,
        25.776159286499023,
        27.520944595336914,
        26.953519821166992,
        25.849273681640625,
        27.358266830444336,
        26.8795108795166,
        25.866531372070312,
        26.946090698242188,
        26.66651725769043,
        25.665983200073242,
        26.530996322631836,
        26.60841178894043,
        25.7071590423584,
        26.3491268157959,
        26.593509674072266,
        13.509943008422852
    ],