{
    "arguments": {
        "Loss_type": "MSE",
        "baseline": false,
        "batches": 2,
        "data_save_dir": "C:\\Users\\mrust\\OneDrive - NTNU\\1Master_Code\\Saved_datasets",
        "hidden": [
            32,
            64,
            32,
            32
        ],
        "input_size": 4,
        "learn_rate": 0.001,
        "load_dataset": null,
        "model_save_dir": "C:\\Users\\mrust\\OneDrive - NTNU\\1Master_Code\\Model_saves",
        "multiprocessing": true,
        "name": "Graydanus-HNN",
        "noise": 0.1,
        "nonlinearity": "tanh",
        "run_save_dir": "C:\\Users\\mrust\\OneDrive - NTNU\\1Master_Code\\Run_data",
        "samples": 30,
        "samples_per_batch": 10,
        "save_dataset": false,
        "seed": 631952830,
        "steps_per_batch": 200,
        "t_scale": 10,
        "t_span": [
            0,
            3
        ],
        "test_ratio": 0.5,
        "tolerance": 1e-10,
        "use_cuda": true,
        "verbose": true,
        "weight_decay": 0.001
    },
    "test_loss": [
        13.850993156433105,
        13.650941848754883,
        13.454629898071289,
        13.2618408203125,
        13.072593688964844,
        12.887100219726562,
        12.705766677856445,
        12.529128074645996,
        12.357818603515625,
        12.192529678344727,
        12.033980369567871,
        11.882868766784668,
        11.739835739135742,
        11.60538387298584,
        11.479843139648438,
        11.363316535949707,
        11.255661964416504,
        11.156492233276367,
        11.065164566040039,
        10.9807767868042,
        10.902117729187012,
        10.827679634094238,
        10.755687713623047,
        10.684209823608398,
        10.61131477355957,
        10.535244941711426,
        10.454585075378418,
        10.368391990661621,
        10.276248931884766,
        10.17827320098877,
        10.075019836425781,
        9.96735668182373,
        9.856284141540527,
        9.742776870727539,
        9.627659797668457,
        9.511576652526855,
        9.395027160644531,
        9.278434753417969,
        9.162138938903809,
        9.04629898071289,
        8.930685997009277,
        8.814480781555176,
        8.696161270141602,
        8.57353687286377,
        8.44396686553955,
        8.304743766784668,
        8.153646469116211,
        7.989544868469238,
        7.812889099121094,
        7.625945568084717,
        7.432645320892334,
        7.237995147705078,
        7.047229766845703,
        6.8651251792907715,
        6.695639133453369,
        6.541821479797363,
        6.40596342086792,
        6.289849758148193,
        6.194990634918213,
        6.122537136077881,
        6.072773456573486,
        6.044189453125,
        6.032528877258301,
        6.030694484710693,
        6.030799388885498,
        6.028359413146973,
        6.025457859039307,
        6.029607772827148,
        6.050055980682373,
        6.096036911010742,
        6.178023815155029,
        6.307027339935303,
        6.487838268280029,
        6.70858907699585,
        6.940077304840088,
        7.161691188812256,
        7.37603759765625,
        7.585358619689941,
        7.785953521728516,
        7.966055393218994,
        8.094772338867188,
        8.154134750366211,
        8.193652153015137,
        8.25648021697998,
        8.286652565002441,
        8.241523742675781,
        8.134730339050293,
        7.978061199188232,
        7.847514629364014,
        7.680500030517578,
        7.544769287109375,
        7.3550944328308105,
        7.232071876525879,
        7.005856513977051,
        6.837735176086426,
        6.611402988433838,
        6.402624607086182,
        6.254389762878418,
        6.06199836730957,
        5.948964595794678,
        5.816563129425049,
        5.710742473602295,
        5.6219635009765625,
        5.493982791900635,
        5.438076972961426,
        5.267866611480713,
        5.253992557525635,
        5.1036810874938965,
        4.992184638977051,
        4.986444473266602,
        4.83320951461792,
        4.705163478851318,
        4.6779608726501465,
        4.561468601226807,
        4.4290852546691895,
        4.394253730773926,
        4.31959867477417,
        4.194756984710693,
        4.143502235412598,
        4.119725704193115,
        4.0384416580200195,
        3.958883047103882,
        3.9267311096191406,
        3.885420560836792,
        3.8220901489257812,
        3.7838668823242188,
        3.758415937423706,
        3.713336944580078,
        3.669605016708374,
        3.648352861404419,
        3.62292218208313,
        3.5839099884033203,
        3.555732488632202,
        3.538097381591797,
        3.513017416000366,
        3.486051321029663,
        3.4699795246124268,
        3.455129623413086,
        3.4346330165863037,
        3.4178593158721924,
        3.406766653060913,
        3.3931846618652344,
        3.3784701824188232,
        3.369100332260132,
        3.3617477416992188,
        3.3512063026428223,
        3.340869903564453,
        3.3338706493377686,
        3.327117919921875,
        3.3191471099853516,
        3.312692403793335,
        3.3081791400909424,
        3.303121328353882,
        3.2980191707611084,
        3.294968366622925,
        3.293164014816284,
        3.290987014770508,
        3.289196491241455,
        3.2887558937072754,
        3.288677930831909,
        3.288400411605835,
        3.288827657699585,
        3.289979934692383,
        3.2908284664154053,
        3.291189670562744,
        3.2915802001953125,
        3.2918922901153564,
        3.2918694019317627,
        3.2917983531951904,
        3.291616439819336,
        3.290804624557495,
        3.289379835128784,
        3.287851333618164,
        3.286346197128296,
        3.2846996784210205,
        3.2828614711761475,
        3.2807393074035645,
        3.278313159942627,
        3.2757937908172607,
        3.2733254432678223,
        3.2708404064178467,
        3.2682576179504395,
        3.265523672103882,
        3.262732744216919,
        3.2599575519561768,
        3.257160186767578,
        3.2544400691986084,
        3.251856565475464,
        3.249352216720581,
        3.2470290660858154,
        3.244833469390869,
        3.2426869869232178,
        3.240788221359253,
        3.239067554473877,
        3.237473726272583,
        3.236034393310547,
        3.2345130443573,
        3.2330379486083984,
        3.231614828109741,
        3.2301461696624756,
        